url_path,views_total,views_unique
/sayantikabanik/MasterClass,87,20
/sayantikabanik/MasterClass/tree/main/planning_template,15,7
/sayantikabanik/MasterClass/blob/main/README.md,13,1
/sayantikabanik/MasterClass/tree/main/design_tools,10,6
/sayantikabanik/MasterClass/actions/workflows/deploy-stats.yml,10,1
/sayantikabanik/MasterClass/edit/main/README.md,10,1
/sayantikabanik/MasterClass/blob/main/planning_template/Tracker_goals_efforts_finance.xlsx,9,6
/sayantikabanik/MasterClass/actions,9,2
/sayantikabanik/MasterClass/commit/f0a0e702a8ac228d2b48459619a1c3c716b589e2,9,2
/sayantikabanik/MasterClass/tree/github-repo-stats,9,1
